player_id,name,season,team,league,avg_pts,avg_elo,market_value_in_eur,position,height,birthdate,birthplace,nationality,player_profile_links
393323,brenden aaronson,2016/17,bethlehem-steel,NA,4.6,25,NA,Attacking Midfield,"1,77 m","Oct 22, 2000 (23)","Medford, New Jersey",United States,https://www.transfermarkt.com/brenden-aaronson/profil/spieler/393323
393323,brenden aaronson,2017/18,bethlehem-steel,L1,6.5,41,50000,Attacking Midfield,"1,77 m","Oct 22, 2000 (23)","Medford, New Jersey",United States,https://www.transfermarkt.com/brenden-aaronson/profil/spieler/393323
393323,brenden aaronson,2018/19,philadelphia-union,L1,6.3,58,150000,Attacking Midfield,"1,77 m","Oct 22, 2000 (23)","Medford, New Jersey",United States,https://www.transfermarkt.com/brenden-aaronson/profil/spieler/393323
393323,brenden aaronson,2018/19,philadelphia-union,L1,6.3,58,450000,Attacking Midfield,"1,77 m","Oct 22, 2000 (23)","Medford, New Jersey",United States,https://www.transfermarkt.com/brenden-aaronson/profil/spieler/393323
393323,brenden aaronson,2018/19,philadelphia-union,L1,6.3,58,800000,Attacking Midfield,"1,77 m","Oct 22, 2000 (23)","Medford, New Jersey",United States,https://www.transfermarkt.com/brenden-aaronson/profil/spieler/393323
393323,brenden aaronson,2023/24,1-fc-union-berlin,L1,5.1,77,18000000,Attacking Midfield,"1,77 m","Oct 22, 2000 (23)","Medford, New Jersey",United States,https://www.transfermarkt.com/brenden-aaronson/profil/spieler/393323
393323,brenden aaronson,2023/24,1-fc-union-berlin,L1,5.1,77,14000000,Attacking Midfield,"1,77 m","Oct 22, 2000 (23)","Medford, New Jersey",United States,https://www.transfermarkt.com/brenden-aaronson/profil/spieler/393323
393323,brenden aaronson,2022/23,leeds-united-sub-21,L1,6.4,79,30000000,Attacking Midfield,"1,77 m","Oct 22, 2000 (23)","Medford, New Jersey",United States,https://www.transfermarkt.com/brenden-aaronson/profil/spieler/393323
393323,brenden aaronson,2022/23,leeds-united-sub-21,L1,6.4,79,30000000,Attacking Midfield,"1,77 m","Oct 22, 2000 (23)","Medford, New Jersey",United States,https://www.transfermarkt.com/brenden-aaronson/profil/spieler/393323
393323,brenden aaronson,2022/23,leeds-united-sub-21,L1,6.4,79,25000000,Attacking Midfield,"1,77 m","Oct 22, 2000 (23)","Medford, New Jersey",United States,https://www.transfermarkt.com/brenden-aaronson/profil/spieler/393323
393323,brenden aaronson,2020/21,salzburgo,L1,7.3,73,4000000,Attacking Midfield,"1,77 m","Oct 22, 2000 (23)","Medford, New Jersey",United States,https://www.transfermarkt.com/brenden-aaronson/profil/spieler/393323
393323,brenden aaronson,2020/21,salzburgo,L1,7.3,73,8000000,Attacking Midfield,"1,77 m","Oct 22, 2000 (23)","Medford, New Jersey",United States,https://www.transfermarkt.com/brenden-aaronson/profil/spieler/393323
393323,brenden aaronson,2020/21,salzburgo,L1,7.3,73,10000000,Attacking Midfield,"1,77 m","Oct 22, 2000 (23)","Medford, New Jersey",United States,https://www.transfermarkt.com/brenden-aaronson/profil/spieler/393323
393323,brenden aaronson,2020/21,salzburgo,L1,7.3,73,10000000,Attacking Midfield,"1,77 m","Oct 22, 2000 (23)","Medford, New Jersey",United States,https://www.transfermarkt.com/brenden-aaronson/profil/spieler/393323
393323,brenden aaronson,2019/20,bethlehem-steel,L1,5.8,64.5,1500000,Attacking Midfield,"1,77 m","Oct 22, 2000 (23)","Medford, New Jersey",United States,https://www.transfermarkt.com/brenden-aaronson/profil/spieler/393323
393323,brenden aaronson,2019/20,bethlehem-steel,L1,5.8,64.5,1300000,Attacking Midfield,"1,77 m","Oct 22, 2000 (23)","Medford, New Jersey",United States,https://www.transfermarkt.com/brenden-aaronson/profil/spieler/393323
393323,brenden aaronson,2021/22,salzburgo,L1,6.9,78,12000000,Attacking Midfield,"1,77 m","Oct 22, 2000 (23)","Medford, New Jersey",United States,https://www.transfermarkt.com/brenden-aaronson/profil/spieler/393323
393323,brenden aaronson,2021/22,salzburgo,L1,6.9,78,20000000,Attacking Midfield,"1,77 m","Oct 22, 2000 (23)","Medford, New Jersey",United States,https://www.transfermarkt.com/brenden-aaronson/profil/spieler/393323
393323,brenden aaronson,2021/22,salzburgo,L1,6.9,78,25000000,Attacking Midfield,"1,77 m","Oct 22, 2000 (23)","Medford, New Jersey",United States,https://www.transfermarkt.com/brenden-aaronson/profil/spieler/393323
315779,christian pulisic,2022/23,chelsea-fc,IT1,4.9,81,38000000,Right Winger,"1,77 m","Sep 18, 1998 (25)","Hershey, ...",United States,https://www.transfermarkt.com/christian-pulisic/profil/spieler/315779
315779,christian pulisic,2022/23,chelsea-fc,IT1,4.9,81,32000000,Right Winger,"1,77 m","Sep 18, 1998 (25)","Hershey, ...",United States,https://www.transfermarkt.com/christian-pulisic/profil/spieler/315779
315779,christian pulisic,2022/23,chelsea-fc,IT1,4.9,81,25000000,Right Winger,"1,77 m","Sep 18, 1998 (25)","Hershey, ...",United States,https://www.transfermarkt.com/christian-pulisic/profil/spieler/315779
315779,christian pulisic,2021/22,chelsea-fc,IT1,6.3,81,45000000,Right Winger,"1,77 m","Sep 18, 1998 (25)","Hershey, ...",United States,https://www.transfermarkt.com/christian-pulisic/profil/spieler/315779
315779,christian pulisic,2021/22,chelsea-fc,IT1,6.3,81,42000000,Right Winger,"1,77 m","Sep 18, 1998 (25)","Hershey, ...",United States,https://www.transfermarkt.com/christian-pulisic/profil/spieler/315779
315779,christian pulisic,2020/21,chelsea-fc,IT1,5.9,80,60000000,Right Winger,"1,77 m","Sep 18, 1998 (25)","Hershey, ...",United States,https://www.transfermarkt.com/christian-pulisic/profil/spieler/315779
315779,christian pulisic,2020/21,chelsea-fc,IT1,5.9,80,50000000,Right Winger,"1,77 m","Sep 18, 1998 (25)","Hershey, ...",United States,https://www.transfermarkt.com/christian-pulisic/profil/spieler/315779
315779,christian pulisic,2020/21,chelsea-fc,IT1,5.9,80,50000000,Right Winger,"1,77 m","Sep 18, 1998 (25)","Hershey, ...",United States,https://www.transfermarkt.com/christian-pulisic/profil/spieler/315779
315779,christian pulisic,2023/24,milan,IT1,7.1,85,32000000,Right Winger,"1,77 m","Sep 18, 1998 (25)","Hershey, ...",United States,https://www.transfermarkt.com/christian-pulisic/profil/spieler/315779
315779,christian pulisic,2019/20,chelsea-fc,IT1,6.7,81,60000000,Right Winger,"1,77 m","Sep 18, 1998 (25)","Hershey, ...",United States,https://www.transfermarkt.com/christian-pulisic/profil/spieler/315779
315779,christian pulisic,2019/20,chelsea-fc,IT1,6.7,81,54000000,Right Winger,"1,77 m","Sep 18, 1998 (25)","Hershey, ...",United States,https://www.transfermarkt.com/christian-pulisic/profil/spieler/315779
315779,christian pulisic,2019/20,chelsea-fc,IT1,6.7,81,60000000,Right Winger,"1,77 m","Sep 18, 1998 (25)","Hershey, ...",United States,https://www.transfermarkt.com/christian-pulisic/profil/spieler/315779
315779,christian pulisic,2018/19,borussia-dortmund,IT1,6.4,83,50000000,Right Winger,"1,77 m","Sep 18, 1998 (25)","Hershey, ...",United States,https://www.transfermarkt.com/christian-pulisic/profil/spieler/315779
315779,christian pulisic,2018/19,borussia-dortmund,IT1,6.4,83,60000000,Right Winger,"1,77 m","Sep 18, 1998 (25)","Hershey, ...",United States,https://www.transfermarkt.com/christian-pulisic/profil/spieler/315779
315779,christian pulisic,2018/19,borussia-dortmund,IT1,6.4,83,60000000,Right Winger,"1,77 m","Sep 18, 1998 (25)","Hershey, ...",United States,https://www.transfermarkt.com/christian-pulisic/profil/spieler/315779
315779,christian pulisic,2017/18,borussia-dortmund,IT1,6.3,80,45000000,Right Winger,"1,77 m","Sep 18, 1998 (25)","Hershey, ...",United States,https://www.transfermarkt.com/christian-pulisic/profil/spieler/315779
315779,christian pulisic,2017/18,borussia-dortmund,IT1,6.3,80,45000000,Right Winger,"1,77 m","Sep 18, 1998 (25)","Hershey, ...",United States,https://www.transfermarkt.com/christian-pulisic/profil/spieler/315779
315779,christian pulisic,2017/18,borussia-dortmund,IT1,6.3,80,45000000,Right Winger,"1,77 m","Sep 18, 1998 (25)","Hershey, ...",United States,https://www.transfermarkt.com/christian-pulisic/profil/spieler/315779
315779,christian pulisic,2016/17,borussia-dortmund,IT1,6.1,71,12000000,Right Winger,"1,77 m","Sep 18, 1998 (25)","Hershey, ...",United States,https://www.transfermarkt.com/christian-pulisic/profil/spieler/315779
315779,christian pulisic,2016/17,borussia-dortmund,IT1,6.1,71,18000000,Right Winger,"1,77 m","Sep 18, 1998 (25)","Hershey, ...",United States,https://www.transfermarkt.com/christian-pulisic/profil/spieler/315779
315779,christian pulisic,2015/16,borussia-dortmund-sub19,IT1,6.5,48.5,500000,Right Winger,"1,77 m","Sep 18, 1998 (25)","Hershey, ...",United States,https://www.transfermarkt.com/christian-pulisic/profil/spieler/315779
315779,christian pulisic,2015/16,borussia-dortmund-sub19,IT1,6.5,48.5,1000000,Right Winger,"1,77 m","Sep 18, 1998 (25)","Hershey, ...",United States,https://www.transfermarkt.com/christian-pulisic/profil/spieler/315779
315779,christian pulisic,2015/16,borussia-dortmund-sub19,IT1,6.5,48.5,5000000,Right Winger,"1,77 m","Sep 18, 1998 (25)","Hershey, ...",United States,https://www.transfermarkt.com/christian-pulisic/profil/spieler/315779
315779,christian pulisic,2014/15,borussia-dortmund-sub-17,NA,7.3,36,NA,Right Winger,"1,77 m","Sep 18, 1998 (25)","Hershey, ...",United States,https://www.transfermarkt.com/christian-pulisic/profil/spieler/315779
578539,christopher richards,2021/22,tsg-1899-hoffenheim,GB1,5.7,67.5,7500000,Centre-Back,"1,88 m","Mar 28, 2000 (24)","Birmingham, Alabama",United States,https://www.transfermarkt.com/chris-richards/profil/spieler/578539
578539,christopher richards,2021/22,tsg-1899-hoffenheim,GB1,5.7,67.5,7500000,Centre-Back,"1,88 m","Mar 28, 2000 (24)","Birmingham, Alabama",United States,https://www.transfermarkt.com/chris-richards/profil/spieler/578539
578539,christopher richards,2023/24,crystal-palace-fc,GB1,5.9,69.5,8000000,Centre-Back,"1,88 m","Mar 28, 2000 (24)","Birmingham, Alabama",United States,https://www.transfermarkt.com/chris-richards/profil/spieler/578539
578539,christopher richards,2023/24,crystal-palace-fc,GB1,5.9,69.5,10000000,Centre-Back,"1,88 m","Mar 28, 2000 (24)","Birmingham, Alabama",United States,https://www.transfermarkt.com/chris-richards/profil/spieler/578539
578539,christopher richards,2017/18,fc-dallas,GB1,0,25,50000,Centre-Back,"1,88 m","Mar 28, 2000 (24)","Birmingham, Alabama",United States,https://www.transfermarkt.com/chris-richards/profil/spieler/578539
578539,christopher richards,2020/21,tsg-1899-hoffenheim,GB1,5.77,61,4000000,Centre-Back,"1,88 m","Mar 28, 2000 (24)","Birmingham, Alabama",United States,https://www.transfermarkt.com/chris-richards/profil/spieler/578539
578539,christopher richards,2020/21,tsg-1899-hoffenheim,GB1,5.77,61,5000000,Centre-Back,"1,88 m","Mar 28, 2000 (24)","Birmingham, Alabama",United States,https://www.transfermarkt.com/chris-richards/profil/spieler/578539
578539,christopher richards,2020/21,tsg-1899-hoffenheim,GB1,5.77,61,7500000,Centre-Back,"1,88 m","Mar 28, 2000 (24)","Birmingham, Alabama",United States,https://www.transfermarkt.com/chris-richards/profil/spieler/578539
578539,christopher richards,2019/20,bayern-munchen,GB1,5.85,59,1500000,Centre-Back,"1,88 m","Mar 28, 2000 (24)","Birmingham, Alabama",United States,https://www.transfermarkt.com/chris-richards/profil/spieler/578539
578539,christopher richards,2019/20,bayern-munchen,GB1,5.85,59,2000000,Centre-Back,"1,88 m","Mar 28, 2000 (24)","Birmingham, Alabama",United States,https://www.transfermarkt.com/chris-richards/profil/spieler/578539
578539,christopher richards,2019/20,bayern-munchen,GB1,5.85,59,1800000,Centre-Back,"1,88 m","Mar 28, 2000 (24)","Birmingham, Alabama",United States,https://www.transfermarkt.com/chris-richards/profil/spieler/578539
578539,christopher richards,2019/20,bayern-munchen,GB1,5.85,59,2200000,Centre-Back,"1,88 m","Mar 28, 2000 (24)","Birmingham, Alabama",United States,https://www.transfermarkt.com/chris-richards/profil/spieler/578539
578539,christopher richards,2022/23,crystal-palace-fc,GB1,5.35,66,12000000,Centre-Back,"1,88 m","Mar 28, 2000 (24)","Birmingham, Alabama",United States,https://www.transfermarkt.com/chris-richards/profil/spieler/578539
578539,christopher richards,2022/23,crystal-palace-fc,GB1,5.35,66,12000000,Centre-Back,"1,88 m","Mar 28, 2000 (24)","Birmingham, Alabama",United States,https://www.transfermarkt.com/chris-richards/profil/spieler/578539
578539,christopher richards,2022/23,crystal-palace-fc,GB1,5.35,66,10000000,Centre-Back,"1,88 m","Mar 28, 2000 (24)","Birmingham, Alabama",United States,https://www.transfermarkt.com/chris-richards/profil/spieler/578539
578539,christopher richards,2022/23,crystal-palace-fc,GB1,5.35,66,10000000,Centre-Back,"1,88 m","Mar 28, 2000 (24)","Birmingham, Alabama",United States,https://www.transfermarkt.com/chris-richards/profil/spieler/578539
578539,christopher richards,2018/19,bayern-munchen-sub-19,GB1,3.25,42.5,1500000,Centre-Back,"1,88 m","Mar 28, 2000 (24)","Birmingham, Alabama",United States,https://www.transfermarkt.com/chris-richards/profil/spieler/578539
723561,drake callender,2019/20,inter-miami-cf,NA,0,25,NA,Goalkeeper,"1,91 m","Oct 7, 1997 (26)","Sacramento, ...",United States,https://www.transfermarkt.com/drake-callender/profil/spieler/723561
723561,drake callender,2022/23,inter-miami-cf,NA,6.8,74,NA,Goalkeeper,"1,91 m","Oct 7, 1997 (26)","Sacramento, ...",United States,https://www.transfermarkt.com/drake-callender/profil/spieler/723561
723561,drake callender,2023/24,inter-miami-cf,NA,6.8,76,NA,Goalkeeper,"1,91 m","Oct 7, 1997 (26)","Sacramento, ...",United States,https://www.transfermarkt.com/drake-callender/profil/spieler/723561
723561,drake callender,2018/19,california-golden-bears,NA,5,25,NA,Goalkeeper,"1,91 m","Oct 7, 1997 (26)","Sacramento, ...",United States,https://www.transfermarkt.com/drake-callender/profil/spieler/723561
723561,drake callender,2020/21,inter-miami-ii,NA,3.25,40,NA,Goalkeeper,"1,91 m","Oct 7, 1997 (26)","Sacramento, ...",United States,https://www.transfermarkt.com/drake-callender/profil/spieler/723561
723561,drake callender,2021/22,inter-miami-cf,NA,7,62,NA,Goalkeeper,"1,91 m","Oct 7, 1997 (26)","Sacramento, ...",United States,https://www.transfermarkt.com/drake-callender/profil/spieler/723561
242284,ethan horvath,2014/15,molde-fk,BE1,7.1,65,50000,Goalkeeper,"1,95 m","Jun 9, 1995 (28)","Highlands Ranch, ...",United States,https://www.transfermarkt.com/ethan-horvath/profil/spieler/242284
242284,ethan horvath,2017/18,club-brugge,BE1,6.9,68,1000000,Goalkeeper,"1,95 m","Jun 9, 1995 (28)","Highlands Ranch, ...",United States,https://www.transfermarkt.com/ethan-horvath/profil/spieler/242284
242284,ethan horvath,2017/18,club-brugge,BE1,6.9,68,1000000,Goalkeeper,"1,95 m","Jun 9, 1995 (28)","Highlands Ranch, ...",United States,https://www.transfermarkt.com/ethan-horvath/profil/spieler/242284
242284,ethan horvath,2018/19,club-brugge,BE1,7.2,75,2000000,Goalkeeper,"1,95 m","Jun 9, 1995 (28)","Highlands Ranch, ...",United States,https://www.transfermarkt.com/ethan-horvath/profil/spieler/242284
242284,ethan horvath,2018/19,club-brugge,BE1,7.2,75,2000000,Goalkeeper,"1,95 m","Jun 9, 1995 (28)","Highlands Ranch, ...",United States,https://www.transfermarkt.com/ethan-horvath/profil/spieler/242284
242284,ethan horvath,2016/17,club-brugge,BE1,6,65,600000,Goalkeeper,"1,95 m","Jun 9, 1995 (28)","Highlands Ranch, ...",United States,https://www.transfermarkt.com/ethan-horvath/profil/spieler/242284
242284,ethan horvath,2016/17,club-brugge,BE1,6,65,800000,Goalkeeper,"1,95 m","Jun 9, 1995 (28)","Highlands Ranch, ...",United States,https://www.transfermarkt.com/ethan-horvath/profil/spieler/242284
242284,ethan horvath,2016/17,club-brugge,BE1,6,65,1000000,Goalkeeper,"1,95 m","Jun 9, 1995 (28)","Highlands Ranch, ...",United States,https://www.transfermarkt.com/ethan-horvath/profil/spieler/242284
242284,ethan horvath,2021/22,nottingham-forest-fc,BE1,6.3,54,1000000,Goalkeeper,"1,95 m","Jun 9, 1995 (28)","Highlands Ranch, ...",United States,https://www.transfermarkt.com/ethan-horvath/profil/spieler/242284
242284,ethan horvath,2021/22,nottingham-forest-fc,BE1,6.3,54,800000,Goalkeeper,"1,95 m","Jun 9, 1995 (28)","Highlands Ranch, ...",United States,https://www.transfermarkt.com/ethan-horvath/profil/spieler/242284
242284,ethan horvath,2013/14,molde-fk,BE1,7,30,50000,Goalkeeper,"1,95 m","Jun 9, 1995 (28)","Highlands Ranch, ...",United States,https://www.transfermarkt.com/ethan-horvath/profil/spieler/242284
242284,ethan horvath,2013/14,molde-fk,BE1,7,30,50000,Goalkeeper,"1,95 m","Jun 9, 1995 (28)","Highlands Ranch, ...",United States,https://www.transfermarkt.com/ethan-horvath/profil/spieler/242284
242284,ethan horvath,2012/13,molde-fk,NA,0,25,NA,Goalkeeper,"1,95 m","Jun 9, 1995 (28)","Highlands Ranch, ...",United States,https://www.transfermarkt.com/ethan-horvath/profil/spieler/242284
242284,ethan horvath,2015/16,molde-fk,BE1,6.7,68,400000,Goalkeeper,"1,95 m","Jun 9, 1995 (28)","Highlands Ranch, ...",United States,https://www.transfermarkt.com/ethan-horvath/profil/spieler/242284
242284,ethan horvath,2015/16,molde-fk,BE1,6.7,68,600000,Goalkeeper,"1,95 m","Jun 9, 1995 (28)","Highlands Ranch, ...",United States,https://www.transfermarkt.com/ethan-horvath/profil/spieler/242284
242284,ethan horvath,2023/24,cardiff-city-fc,NA,3.25,71,NA,Goalkeeper,"1,95 m","Jun 9, 1995 (28)","Highlands Ranch, ...",United States,https://www.transfermarkt.com/ethan-horvath/profil/spieler/242284
242284,ethan horvath,2019/20,club-brugge,BE1,6.7,75,1800000,Goalkeeper,"1,95 m","Jun 9, 1995 (28)","Highlands Ranch, ...",United States,https://www.transfermarkt.com/ethan-horvath/profil/spieler/242284
242284,ethan horvath,2019/20,club-brugge,BE1,6.7,75,1400000,Goalkeeper,"1,95 m","Jun 9, 1995 (28)","Highlands Ranch, ...",United States,https://www.transfermarkt.com/ethan-horvath/profil/spieler/242284
242284,ethan horvath,2022/23,luton-town-fc,BE1,7.1,72,1000000,Goalkeeper,"1,95 m","Jun 9, 1995 (28)","Highlands Ranch, ...",United States,https://www.transfermarkt.com/ethan-horvath/profil/spieler/242284
242284,ethan horvath,2022/23,luton-town-fc,BE1,7.1,72,1500000,Goalkeeper,"1,95 m","Jun 9, 1995 (28)","Highlands Ranch, ...",United States,https://www.transfermarkt.com/ethan-horvath/profil/spieler/242284
242284,ethan horvath,2020/21,club-brugge,BE1,5.4,60,1200000,Goalkeeper,"1,95 m","Jun 9, 1995 (28)","Highlands Ranch, ...",United States,https://www.transfermarkt.com/ethan-horvath/profil/spieler/242284
242284,ethan horvath,2020/21,club-brugge,BE1,5.4,60,1200000,Goalkeeper,"1,95 m","Jun 9, 1995 (28)","Highlands Ranch, ...",United States,https://www.transfermarkt.com/ethan-horvath/profil/spieler/242284
503770,folarin balogun,2023/24,monaco,FR1,6.4,77,30000000,Centre-Forward,"1,78 m","Jul 3, 2001 (22)","New York City, New ...",United States,https://www.transfermarkt.com/folarin-balogun/profil/spieler/503770
503770,folarin balogun,2020/21,arsenal,FR1,6.37,54,4000000,Centre-Forward,"1,78 m","Jul 3, 2001 (22)","New York City, New ...",United States,https://www.transfermarkt.com/folarin-balogun/profil/spieler/503770
503770,folarin balogun,2016/17,arsenal-sub18,NA,5,25,NA,Centre-Forward,"1,78 m","Jul 3, 2001 (22)","New York City, New ...",United States,https://www.transfermarkt.com/folarin-balogun/profil/spieler/503770
503770,folarin balogun,2022/23,stade-reims,FR1,7.6,78,7000000,Centre-Forward,"1,78 m","Jul 3, 2001 (22)","New York City, New ...",United States,https://www.transfermarkt.com/folarin-balogun/profil/spieler/503770
503770,folarin balogun,2022/23,stade-reims,FR1,7.6,78,14000000,Centre-Forward,"1,78 m","Jul 3, 2001 (22)","New York City, New ...",United States,https://www.transfermarkt.com/folarin-balogun/profil/spieler/503770
503770,folarin balogun,2022/23,stade-reims,FR1,7.6,78,25000000,Centre-Forward,"1,78 m","Jul 3, 2001 (22)","New York City, New ...",United States,https://www.transfermarkt.com/folarin-balogun/profil/spieler/503770
503770,folarin balogun,2022/23,stade-reims,FR1,7.6,78,30000000,Centre-Forward,"1,78 m","Jul 3, 2001 (22)","New York City, New ...",United States,https://www.transfermarkt.com/folarin-balogun/profil/spieler/503770
503770,folarin balogun,2021/22,middlesbrough-fc,FR1,6.4,61.25,4000000,Centre-Forward,"1,78 m","Jul 3, 2001 (22)","New York City, New ...",United States,https://www.transfermarkt.com/folarin-balogun/profil/spieler/503770
503770,folarin balogun,2021/22,middlesbrough-fc,FR1,6.4,61.25,4000000,Centre-Forward,"1,78 m","Jul 3, 2001 (22)","New York City, New ...",United States,https://www.transfermarkt.com/folarin-balogun/profil/spieler/503770
503770,folarin balogun,2017/18,arsenal-sub23,NA,6.2,38,NA,Centre-Forward,"1,78 m","Jul 3, 2001 (22)","New York City, New ...",United States,https://www.transfermarkt.com/folarin-balogun/profil/spieler/503770
503770,folarin balogun,2019/20,arsenal,NA,4.2,50.67,NA,Centre-Forward,"1,78 m","Jul 3, 2001 (22)","New York City, New ...",United States,https://www.transfermarkt.com/folarin-balogun/profil/spieler/503770
503770,folarin balogun,2018/19,arsenal-sub21,NA,5.7,41.67,NA,Centre-Forward,"1,78 m","Jul 3, 2001 (22)","New York City, New ...",United States,https://www.transfermarkt.com/folarin-balogun/profil/spieler/503770
504215,giovanni reyna,2019/20,borussia-dortmund-sub19,GB1,6.25,44,6000000,Attacking Midfield,"1,85 m","Nov 13, 2002 (21)",Durham,United States,https://www.transfermarkt.com/giovanni-reyna/profil/spieler/504215
504215,giovanni reyna,2019/20,borussia-dortmund-sub19,GB1,6.25,44,15000000,Attacking Midfield,"1,85 m","Nov 13, 2002 (21)",Durham,United States,https://www.transfermarkt.com/giovanni-reyna/profil/spieler/504215
504215,giovanni reyna,2019/20,borussia-dortmund-sub19,GB1,6.25,44,13500000,Attacking Midfield,"1,85 m","Nov 13, 2002 (21)",Durham,United States,https://www.transfermarkt.com/giovanni-reyna/profil/spieler/504215
504215,giovanni reyna,2019/20,borussia-dortmund-sub19,GB1,6.25,44,15000000,Attacking Midfield,"1,85 m","Nov 13, 2002 (21)",Durham,United States,https://www.transfermarkt.com/giovanni-reyna/profil/spieler/504215
504215,giovanni reyna,2022/23,borussia-dortmund,GB1,5.6,67,35000000,Attacking Midfield,"1,85 m","Nov 13, 2002 (21)",Durham,United States,https://www.transfermarkt.com/giovanni-reyna/profil/spieler/504215
504215,giovanni reyna,2022/23,borussia-dortmund,GB1,5.6,67,28000000,Attacking Midfield,"1,85 m","Nov 13, 2002 (21)",Durham,United States,https://www.transfermarkt.com/giovanni-reyna/profil/spieler/504215
504215,giovanni reyna,2022/23,borussia-dortmund,GB1,5.6,67,25000000,Attacking Midfield,"1,85 m","Nov 13, 2002 (21)",Durham,United States,https://www.transfermarkt.com/giovanni-reyna/profil/spieler/504215
504215,giovanni reyna,2023/24,nottingham-forest-fc,GB1,4.55,66.5,20000000,Attacking Midfield,"1,85 m","Nov 13, 2002 (21)",Durham,United States,https://www.transfermarkt.com/giovanni-reyna/profil/spieler/504215
504215,giovanni reyna,2023/24,nottingham-forest-fc,GB1,4.55,66.5,20000000,Attacking Midfield,"1,85 m","Nov 13, 2002 (21)",Durham,United States,https://www.transfermarkt.com/giovanni-reyna/profil/spieler/504215
504215,giovanni reyna,2020/21,borussia-dortmund,GB1,6.3,71,30000000,Attacking Midfield,"1,85 m","Nov 13, 2002 (21)",Durham,United States,https://www.transfermarkt.com/giovanni-reyna/profil/spieler/504215
504215,giovanni reyna,2020/21,borussia-dortmund,GB1,6.3,71,38000000,Attacking Midfield,"1,85 m","Nov 13, 2002 (21)",Durham,United States,https://www.transfermarkt.com/giovanni-reyna/profil/spieler/504215
504215,giovanni reyna,2020/21,borussia-dortmund,GB1,6.3,71,38000000,Attacking Midfield,"1,85 m","Nov 13, 2002 (21)",Durham,United States,https://www.transfermarkt.com/giovanni-reyna/profil/spieler/504215
504215,giovanni reyna,2021/22,borussia-dortmund,GB1,5.6,73,42000000,Attacking Midfield,"1,85 m","Nov 13, 2002 (21)",Durham,United States,https://www.transfermarkt.com/giovanni-reyna/profil/spieler/504215
504215,giovanni reyna,2021/22,borussia-dortmund,GB1,5.6,73,42000000,Attacking Midfield,"1,85 m","Nov 13, 2002 (21)",Durham,United States,https://www.transfermarkt.com/giovanni-reyna/profil/spieler/504215
504215,giovanni reyna,2021/22,borussia-dortmund,GB1,5.6,73,35000000,Attacking Midfield,"1,85 m","Nov 13, 2002 (21)",Durham,United States,https://www.transfermarkt.com/giovanni-reyna/profil/spieler/504215
689505,johnny cardoso,2019/20,internacional,ES1,5.3,43,750000,Defensive Midfield,"1,86 m","Sep 20, 2001 (22)","Denville, New Jersey",United States,https://www.transfermarkt.com/johnny-cardoso/profil/spieler/689505
689505,johnny cardoso,2019/20,internacional,ES1,5.3,43,675000,Defensive Midfield,"1,86 m","Sep 20, 2001 (22)","Denville, New Jersey",United States,https://www.transfermarkt.com/johnny-cardoso/profil/spieler/689505
689505,johnny cardoso,2020/21,internacional,ES1,5.4,58,900000,Defensive Midfield,"1,86 m","Sep 20, 2001 (22)","Denville, New Jersey",United States,https://www.transfermarkt.com/johnny-cardoso/profil/spieler/689505
689505,johnny cardoso,2020/21,internacional,ES1,5.4,58,900000,Defensive Midfield,"1,86 m","Sep 20, 2001 (22)","Denville, New Jersey",United States,https://www.transfermarkt.com/johnny-cardoso/profil/spieler/689505
689505,johnny cardoso,2020/21,internacional,ES1,5.4,58,900000,Defensive Midfield,"1,86 m","Sep 20, 2001 (22)","Denville, New Jersey",United States,https://www.transfermarkt.com/johnny-cardoso/profil/spieler/689505
689505,johnny cardoso,2021/22,internacional,ES1,5.8,67,1800000,Defensive Midfield,"1,86 m","Sep 20, 2001 (22)","Denville, New Jersey",United States,https://www.transfermarkt.com/johnny-cardoso/profil/spieler/689505
689505,johnny cardoso,2021/22,internacional,ES1,5.8,67,1800000,Defensive Midfield,"1,86 m","Sep 20, 2001 (22)","Denville, New Jersey",United States,https://www.transfermarkt.com/johnny-cardoso/profil/spieler/689505
689505,johnny cardoso,2022/23,internacional,ES1,6.2,75,1800000,Defensive Midfield,"1,86 m","Sep 20, 2001 (22)","Denville, New Jersey",United States,https://www.transfermarkt.com/johnny-cardoso/profil/spieler/689505
689505,johnny cardoso,2022/23,internacional,ES1,6.2,75,2500000,Defensive Midfield,"1,86 m","Sep 20, 2001 (22)","Denville, New Jersey",United States,https://www.transfermarkt.com/johnny-cardoso/profil/spieler/689505
689505,johnny cardoso,2022/23,internacional,ES1,6.2,75,3500000,Defensive Midfield,"1,86 m","Sep 20, 2001 (22)","Denville, New Jersey",United States,https://www.transfermarkt.com/johnny-cardoso/profil/spieler/689505
689505,johnny cardoso,2022/23,internacional,ES1,6.2,75,5000000,Defensive Midfield,"1,86 m","Sep 20, 2001 (22)","Denville, New Jersey",United States,https://www.transfermarkt.com/johnny-cardoso/profil/spieler/689505
689505,johnny cardoso,2023/24,betis,ES1,6.3,78,6000000,Defensive Midfield,"1,86 m","Sep 20, 2001 (22)","Denville, New Jersey",United States,https://www.transfermarkt.com/johnny-cardoso/profil/spieler/689505
689505,johnny cardoso,2023/24,betis,ES1,6.3,78,10000000,Defensive Midfield,"1,86 m","Sep 20, 2001 (22)","Denville, New Jersey",United States,https://www.transfermarkt.com/johnny-cardoso/profil/spieler/689505
689505,johnny cardoso,2018/19,internacional,NA,5,30,NA,Defensive Midfield,"1,86 m","Sep 20, 2001 (22)","Denville, New Jersey",United States,https://www.transfermarkt.com/johnny-cardoso/profil/spieler/689505
504153,joseph scally,2020/21,borussia-monchengladbach-ii,L1,6,41,1200000,Right-Back,"1,84 m","Dec 31, 2002 (21)","Lake Grove, New York",United States,https://www.transfermarkt.com/joe-scally/profil/spieler/504153
504153,joseph scally,2020/21,borussia-monchengladbach-ii,L1,6,41,1500000,Right-Back,"1,84 m","Dec 31, 2002 (21)","Lake Grove, New York",United States,https://www.transfermarkt.com/joe-scally/profil/spieler/504153
504153,joseph scally,2020/21,borussia-monchengladbach-ii,L1,6,41,2000000,Right-Back,"1,84 m","Dec 31, 2002 (21)","Lake Grove, New York",United States,https://www.transfermarkt.com/joe-scally/profil/spieler/504153
504153,joseph scally,2020/21,borussia-monchengladbach-ii,L1,6,41,2000000,Right-Back,"1,84 m","Dec 31, 2002 (21)","Lake Grove, New York",United States,https://www.transfermarkt.com/joe-scally/profil/spieler/504153
504153,joseph scally,2017/18,new-york-city,NA,4,25,NA,Right-Back,"1,84 m","Dec 31, 2002 (21)","Lake Grove, New York",United States,https://www.transfermarkt.com/joe-scally/profil/spieler/504153
504153,joseph scally,2022/23,borussia-monchengla,L1,6.6,73,12000000,Right-Back,"1,84 m","Dec 31, 2002 (21)","Lake Grove, New York",United States,https://www.transfermarkt.com/joe-scally/profil/spieler/504153
504153,joseph scally,2022/23,borussia-monchengla,L1,6.6,73,12000000,Right-Back,"1,84 m","Dec 31, 2002 (21)","Lake Grove, New York",United States,https://www.transfermarkt.com/joe-scally/profil/spieler/504153
504153,joseph scally,2021/22,borussia-monchengla,L1,5.8,68,4000000,Right-Back,"1,84 m","Dec 31, 2002 (21)","Lake Grove, New York",United States,https://www.transfermarkt.com/joe-scally/profil/spieler/504153
504153,joseph scally,2021/22,borussia-monchengla,L1,5.8,68,8000000,Right-Back,"1,84 m","Dec 31, 2002 (21)","Lake Grove, New York",United States,https://www.transfermarkt.com/joe-scally/profil/spieler/504153
504153,joseph scally,2021/22,borussia-monchengla,L1,5.8,68,8000000,Right-Back,"1,84 m","Dec 31, 2002 (21)","Lake Grove, New York",United States,https://www.transfermarkt.com/joe-scally/profil/spieler/504153
504153,joseph scally,2019/20,new-york-city,L1,4.4,34,1000000,Right-Back,"1,84 m","Dec 31, 2002 (21)","Lake Grove, New York",United States,https://www.transfermarkt.com/joe-scally/profil/spieler/504153
504153,joseph scally,2019/20,new-york-city,L1,4.4,34,900000,Right-Back,"1,84 m","Dec 31, 2002 (21)","Lake Grove, New York",United States,https://www.transfermarkt.com/joe-scally/profil/spieler/504153
504153,joseph scally,2023/24,borussia-monchengla,L1,6.4,76,12000000,Right-Back,"1,84 m","Dec 31, 2002 (21)","Lake Grove, New York",United States,https://www.transfermarkt.com/joe-scally/profil/spieler/504153
467437,malik tillman,2017/18,bayern-munich-sub-17,NA,6.9,38,NA,Attacking Midfield,"1,87 m","May 28, 2002 (21)",Nürnberg,United States,https://www.transfermarkt.com/malik-tillman/profil/spieler/467437
467437,malik tillman,2018/19,bayern-munich-sub-17,NA,6.75,44,NA,Attacking Midfield,"1,87 m","May 28, 2002 (21)",Nürnberg,United States,https://www.transfermarkt.com/malik-tillman/profil/spieler/467437
467437,malik tillman,2020/21,fc-bayern-munchen-ii,NL1,2.55,53.5,500000,Attacking Midfield,"1,87 m","May 28, 2002 (21)",Nürnberg,United States,https://www.transfermarkt.com/malik-tillman/profil/spieler/467437
467437,malik tillman,2020/21,fc-bayern-munchen-ii,NL1,2.55,53.5,500000,Attacking Midfield,"1,87 m","May 28, 2002 (21)",Nürnberg,United States,https://www.transfermarkt.com/malik-tillman/profil/spieler/467437
467437,malik tillman,2021/22,fc-bayern-munchen-ii,NL1,5.85,54.5,1000000,Attacking Midfield,"1,87 m","May 28, 2002 (21)",Nürnberg,United States,https://www.transfermarkt.com/malik-tillman/profil/spieler/467437
467437,malik tillman,2021/22,fc-bayern-munchen-ii,NL1,5.85,54.5,1500000,Attacking Midfield,"1,87 m","May 28, 2002 (21)",Nürnberg,United States,https://www.transfermarkt.com/malik-tillman/profil/spieler/467437
467437,malik tillman,2021/22,fc-bayern-munchen-ii,NL1,5.85,54.5,1500000,Attacking Midfield,"1,87 m","May 28, 2002 (21)",Nürnberg,United States,https://www.transfermarkt.com/malik-tillman/profil/spieler/467437
467437,malik tillman,2022/23,glasgow-rangers-fc,NL1,6.9,69,2800000,Attacking Midfield,"1,87 m","May 28, 2002 (21)",Nürnberg,United States,https://www.transfermarkt.com/malik-tillman/profil/spieler/467437
467437,malik tillman,2022/23,glasgow-rangers-fc,NL1,6.9,69,4500000,Attacking Midfield,"1,87 m","May 28, 2002 (21)",Nürnberg,United States,https://www.transfermarkt.com/malik-tillman/profil/spieler/467437
467437,malik tillman,2022/23,glasgow-rangers-fc,NL1,6.9,69,5000000,Attacking Midfield,"1,87 m","May 28, 2002 (21)",Nürnberg,United States,https://www.transfermarkt.com/malik-tillman/profil/spieler/467437
467437,malik tillman,2019/20,bayern-munchen,NL1,5.03,53.67,500000,Attacking Midfield,"1,87 m","May 28, 2002 (21)",Nürnberg,United States,https://www.transfermarkt.com/malik-tillman/profil/spieler/467437
467437,malik tillman,2023/24,psv,NL1,5.85,71.5,8000000,Attacking Midfield,"1,87 m","May 28, 2002 (21)",Nürnberg,United States,https://www.transfermarkt.com/malik-tillman/profil/spieler/467437
467437,malik tillman,2023/24,psv,NL1,5.85,71.5,12000000,Attacking Midfield,"1,87 m","May 28, 2002 (21)",Nürnberg,United States,https://www.transfermarkt.com/malik-tillman/profil/spieler/467437
467437,malik tillman,2023/24,psv,NL1,5.85,71.5,17000000,Attacking Midfield,"1,87 m","May 28, 2002 (21)",Nürnberg,United States,https://www.transfermarkt.com/malik-tillman/profil/spieler/467437
425306,matthew turner,2015/16,richmond-kickers,GB1,6.4,36,50000,Goalkeeper,"1,91 m","Jun 24, 1994 (29)","Park Ridge, New ...",United States,https://www.transfermarkt.com/matt-turner/profil/spieler/425306
425306,matthew turner,2016/17,richmond-kickers,GB1,3.3,43.5,100000,Goalkeeper,"1,91 m","Jun 24, 1994 (29)","Park Ridge, New ...",United States,https://www.transfermarkt.com/matt-turner/profil/spieler/425306
425306,matthew turner,2016/17,richmond-kickers,GB1,3.3,43.5,175000,Goalkeeper,"1,91 m","Jun 24, 1994 (29)","Park Ridge, New ...",United States,https://www.transfermarkt.com/matt-turner/profil/spieler/425306
425306,matthew turner,2017/18,new-england-revolution,GB1,6.6,58,200000,Goalkeeper,"1,91 m","Jun 24, 1994 (29)","Park Ridge, New ...",United States,https://www.transfermarkt.com/matt-turner/profil/spieler/425306
425306,matthew turner,2017/18,new-england-revolution,GB1,6.6,58,200000,Goalkeeper,"1,91 m","Jun 24, 1994 (29)","Park Ridge, New ...",United States,https://www.transfermarkt.com/matt-turner/profil/spieler/425306
425306,matthew turner,2023/24,nottingham-forest-fc,GB1,3.4,72,10000000,Goalkeeper,"1,91 m","Jun 24, 1994 (29)","Park Ridge, New ...",United States,https://www.transfermarkt.com/matt-turner/profil/spieler/425306
425306,matthew turner,2023/24,nottingham-forest-fc,GB1,3.4,72,10000000,Goalkeeper,"1,91 m","Jun 24, 1994 (29)","Park Ridge, New ...",United States,https://www.transfermarkt.com/matt-turner/profil/spieler/425306
425306,matthew turner,2023/24,nottingham-forest-fc,GB1,3.4,72,9000000,Goalkeeper,"1,91 m","Jun 24, 1994 (29)","Park Ridge, New ...",United States,https://www.transfermarkt.com/matt-turner/profil/spieler/425306
425306,matthew turner,2022/23,arsenal,GB1,6.3,71,5000000,Goalkeeper,"1,91 m","Jun 24, 1994 (29)","Park Ridge, New ...",United States,https://www.transfermarkt.com/matt-turner/profil/spieler/425306
425306,matthew turner,2022/23,arsenal,GB1,6.3,71,8000000,Goalkeeper,"1,91 m","Jun 24, 1994 (29)","Park Ridge, New ...",United States,https://www.transfermarkt.com/matt-turner/profil/spieler/425306
425306,matthew turner,2021/22,new-england-revolution,GB1,5.8,73,3000000,Goalkeeper,"1,91 m","Jun 24, 1994 (29)","Park Ridge, New ...",United States,https://www.transfermarkt.com/matt-turner/profil/spieler/425306
425306,matthew turner,2021/22,new-england-revolution,GB1,5.8,73,5000000,Goalkeeper,"1,91 m","Jun 24, 1994 (29)","Park Ridge, New ...",United States,https://www.transfermarkt.com/matt-turner/profil/spieler/425306
425306,matthew turner,2018/19,new-england-revolution,GB1,6.8,64,500000,Goalkeeper,"1,91 m","Jun 24, 1994 (29)","Park Ridge, New ...",United States,https://www.transfermarkt.com/matt-turner/profil/spieler/425306
425306,matthew turner,2018/19,new-england-revolution,GB1,6.8,64,500000,Goalkeeper,"1,91 m","Jun 24, 1994 (29)","Park Ridge, New ...",United States,https://www.transfermarkt.com/matt-turner/profil/spieler/425306
425306,matthew turner,2019/20,new-england-revolution,GB1,7,70,500000,Goalkeeper,"1,91 m","Jun 24, 1994 (29)","Park Ridge, New ...",United States,https://www.transfermarkt.com/matt-turner/profil/spieler/425306
425306,matthew turner,2019/20,new-england-revolution,GB1,7,70,400000,Goalkeeper,"1,91 m","Jun 24, 1994 (29)","Park Ridge, New ...",United States,https://www.transfermarkt.com/matt-turner/profil/spieler/425306
425306,matthew turner,2020/21,new-england-revolution,GB1,7,75,500000,Goalkeeper,"1,91 m","Jun 24, 1994 (29)","Park Ridge, New ...",United States,https://www.transfermarkt.com/matt-turner/profil/spieler/425306
425306,matthew turner,2020/21,new-england-revolution,GB1,7,75,1000000,Goalkeeper,"1,91 m","Jun 24, 1994 (29)","Park Ridge, New ...",United States,https://www.transfermarkt.com/matt-turner/profil/spieler/425306
425306,matthew turner,2020/21,new-england-revolution,GB1,7,75,2500000,Goalkeeper,"1,91 m","Jun 24, 1994 (29)","Park Ridge, New ...",United States,https://www.transfermarkt.com/matt-turner/profil/spieler/425306
468022,miles robinson,2022/23,atlanta-united-fc,NA,7.1,75,NA,Centre-Back,"1,88 m","Mar 14, 1997 (27)","Arlington, ...",United States,https://www.transfermarkt.com/miles-robinson/profil/spieler/468022
468022,miles robinson,2021/22,atlanta-united-fc,NA,5.8,74,NA,Centre-Back,"1,88 m","Mar 14, 1997 (27)","Arlington, ...",United States,https://www.transfermarkt.com/miles-robinson/profil/spieler/468022
468022,miles robinson,2018/19,atlanta-united-fc,NA,7,69,NA,Centre-Back,"1,88 m","Mar 14, 1997 (27)","Arlington, ...",United States,https://www.transfermarkt.com/miles-robinson/profil/spieler/468022
468022,miles robinson,2019/20,atlanta-united-fc,NA,6.1,66,NA,Centre-Back,"1,88 m","Mar 14, 1997 (27)","Arlington, ...",United States,https://www.transfermarkt.com/miles-robinson/profil/spieler/468022
468022,miles robinson,2020/21,atlanta-united-fc,NA,7.2,76,NA,Centre-Back,"1,88 m","Mar 14, 1997 (27)","Arlington, ...",United States,https://www.transfermarkt.com/miles-robinson/profil/spieler/468022
468022,miles robinson,2023/24,fc-cincinnati,NA,6.6,76,NA,Centre-Back,"1,88 m","Mar 14, 1997 (27)","Arlington, ...",United States,https://www.transfermarkt.com/miles-robinson/profil/spieler/468022
468022,miles robinson,2017/18,atlanta-united-fc,NA,5.85,46,NA,Centre-Back,"1,88 m","Mar 14, 1997 (27)","Arlington, ...",United States,https://www.transfermarkt.com/miles-robinson/profil/spieler/468022
468022,miles robinson,2016/17,charleston-battery,NA,5.45,35,NA,Centre-Back,"1,88 m","Mar 14, 1997 (27)","Arlington, ...",United States,https://www.transfermarkt.com/miles-robinson/profil/spieler/468022
627207,ricardo pepi,2022/23,fc-groningen,NL1,5.5,67.5,9000000,Centre-Forward,"1,85 m","Jan 9, 2003 (21)","El Paso, Texas",United States,https://www.transfermarkt.com/ricardo-pepi/profil/spieler/627207
627207,ricardo pepi,2022/23,fc-groningen,NL1,5.5,67.5,9000000,Centre-Forward,"1,85 m","Jan 9, 2003 (21)","El Paso, Texas",United States,https://www.transfermarkt.com/ricardo-pepi/profil/spieler/627207
627207,ricardo pepi,2023/24,psv,NL1,4.6,66.5,11000000,Centre-Forward,"1,85 m","Jan 9, 2003 (21)","El Paso, Texas",United States,https://www.transfermarkt.com/ricardo-pepi/profil/spieler/627207
627207,ricardo pepi,2018/19,fc-dallas,NA,6.05,42,NA,Centre-Forward,"1,85 m","Jan 9, 2003 (21)","El Paso, Texas",United States,https://www.transfermarkt.com/ricardo-pepi/profil/spieler/627207
627207,ricardo pepi,2021/22,fc-augsburg,NL1,5,69,8000000,Centre-Forward,"1,85 m","Jan 9, 2003 (21)","El Paso, Texas",United States,https://www.transfermarkt.com/ricardo-pepi/profil/spieler/627207
627207,ricardo pepi,2021/22,fc-augsburg,NL1,5,69,10000000,Centre-Forward,"1,85 m","Jan 9, 2003 (21)","El Paso, Texas",United States,https://www.transfermarkt.com/ricardo-pepi/profil/spieler/627207
627207,ricardo pepi,2021/22,fc-augsburg,NL1,5,69,9000000,Centre-Forward,"1,85 m","Jan 9, 2003 (21)","El Paso, Texas",United States,https://www.transfermarkt.com/ricardo-pepi/profil/spieler/627207
627207,ricardo pepi,2020/21,fc-dallas,NL1,6.8,68,600000,Centre-Forward,"1,85 m","Jan 9, 2003 (21)","El Paso, Texas",United States,https://www.transfermarkt.com/ricardo-pepi/profil/spieler/627207
627207,ricardo pepi,2020/21,fc-dallas,NL1,6.8,68,1000000,Centre-Forward,"1,85 m","Jan 9, 2003 (21)","El Paso, Texas",United States,https://www.transfermarkt.com/ricardo-pepi/profil/spieler/627207
627207,ricardo pepi,2020/21,fc-dallas,NL1,6.8,68,2500000,Centre-Forward,"1,85 m","Jan 9, 2003 (21)","El Paso, Texas",United States,https://www.transfermarkt.com/ricardo-pepi/profil/spieler/627207
627207,ricardo pepi,2019/20,fc-dallas,NL1,4.9,47,400000,Centre-Forward,"1,85 m","Jan 9, 2003 (21)","El Paso, Texas",United States,https://www.transfermarkt.com/ricardo-pepi/profil/spieler/627207
627207,ricardo pepi,2019/20,fc-dallas,NL1,4.9,47,350000,Centre-Forward,"1,85 m","Jan 9, 2003 (21)","El Paso, Texas",United States,https://www.transfermarkt.com/ricardo-pepi/profil/spieler/627207
361104,sergio dest,2021/22,barcelona,NL1,5.8,77,18000000,Left-Back,"1,73 m","Nov 3, 2000 (23)",Almere,United States,https://www.transfermarkt.com/sergino-dest/profil/spieler/361104
361104,sergio dest,2021/22,barcelona,NL1,5.8,77,18000000,Left-Back,"1,73 m","Nov 3, 2000 (23)",Almere,United States,https://www.transfermarkt.com/sergino-dest/profil/spieler/361104
361104,sergio dest,2022/23,milan,NL1,4.5,74,16000000,Left-Back,"1,73 m","Nov 3, 2000 (23)",Almere,United States,https://www.transfermarkt.com/sergino-dest/profil/spieler/361104
361104,sergio dest,2022/23,milan,NL1,4.5,74,12000000,Left-Back,"1,73 m","Nov 3, 2000 (23)",Almere,United States,https://www.transfermarkt.com/sergino-dest/profil/spieler/361104
361104,sergio dest,2022/23,milan,NL1,4.5,74,10000000,Left-Back,"1,73 m","Nov 3, 2000 (23)",Almere,United States,https://www.transfermarkt.com/sergino-dest/profil/spieler/361104
361104,sergio dest,2016/17,ajax-sub-17,NA,7,36,NA,Left-Back,"1,73 m","Nov 3, 2000 (23)",Almere,United States,https://www.transfermarkt.com/sergino-dest/profil/spieler/361104
361104,sergio dest,2019/20,ajax,NL1,6.35,70,5500000,Left-Back,"1,73 m","Nov 3, 2000 (23)",Almere,United States,https://www.transfermarkt.com/sergino-dest/profil/spieler/361104
361104,sergio dest,2019/20,ajax,NL1,6.35,70,12000000,Left-Back,"1,73 m","Nov 3, 2000 (23)",Almere,United States,https://www.transfermarkt.com/sergino-dest/profil/spieler/361104
361104,sergio dest,2019/20,ajax,NL1,6.35,70,20000000,Left-Back,"1,73 m","Nov 3, 2000 (23)",Almere,United States,https://www.transfermarkt.com/sergino-dest/profil/spieler/361104
361104,sergio dest,2019/20,ajax,NL1,6.35,70,18000000,Left-Back,"1,73 m","Nov 3, 2000 (23)",Almere,United States,https://www.transfermarkt.com/sergino-dest/profil/spieler/361104
361104,sergio dest,2020/21,barcelona,NL1,5.55,73,20000000,Left-Back,"1,73 m","Nov 3, 2000 (23)",Almere,United States,https://www.transfermarkt.com/sergino-dest/profil/spieler/361104
361104,sergio dest,2020/21,barcelona,NL1,5.55,73,25000000,Left-Back,"1,73 m","Nov 3, 2000 (23)",Almere,United States,https://www.transfermarkt.com/sergino-dest/profil/spieler/361104
361104,sergio dest,2020/21,barcelona,NL1,5.55,73,30000000,Left-Back,"1,73 m","Nov 3, 2000 (23)",Almere,United States,https://www.transfermarkt.com/sergino-dest/profil/spieler/361104
361104,sergio dest,2023/24,psv,NL1,7.8,82,13000000,Left-Back,"1,73 m","Nov 3, 2000 (23)",Almere,United States,https://www.transfermarkt.com/sergino-dest/profil/spieler/361104
361104,sergio dest,2023/24,psv,NL1,7.8,82,18000000,Left-Back,"1,73 m","Nov 3, 2000 (23)",Almere,United States,https://www.transfermarkt.com/sergino-dest/profil/spieler/361104
361104,sergio dest,2023/24,psv,NL1,7.8,82,22000000,Left-Back,"1,73 m","Nov 3, 2000 (23)",Almere,United States,https://www.transfermarkt.com/sergino-dest/profil/spieler/361104
361104,sergio dest,2017/18,ajax-sub19,NA,6.1,41,NA,Left-Back,"1,73 m","Nov 3, 2000 (23)",Almere,United States,https://www.transfermarkt.com/sergino-dest/profil/spieler/361104
361104,sergio dest,2018/19,jong-ajax,NL1,6.75,57,150000,Left-Back,"1,73 m","Nov 3, 2000 (23)",Almere,United States,https://www.transfermarkt.com/sergino-dest/profil/spieler/361104
361104,sergio dest,2018/19,jong-ajax,NL1,6.75,57,600000,Left-Back,"1,73 m","Nov 3, 2000 (23)",Almere,United States,https://www.transfermarkt.com/sergino-dest/profil/spieler/361104
145466,timothy ream,2023/24,fulham,GB1,6.5,80,1000000,Centre-Back,"1,86 m","Oct 5, 1987 (36)","St. Louis, Missouri",United States,https://www.transfermarkt.com/tim-ream/profil/spieler/145466
145466,timothy ream,2013/14,bolton-wanderers-fc,GB1,6.1,63.5,1500000,Centre-Back,"1,86 m","Oct 5, 1987 (36)","St. Louis, Missouri",United States,https://www.transfermarkt.com/tim-ream/profil/spieler/145466
145466,timothy ream,2015/16,fulham,GB1,6.1,70,1500000,Centre-Back,"1,86 m","Oct 5, 1987 (36)","St. Louis, Missouri",United States,https://www.transfermarkt.com/tim-ream/profil/spieler/145466
145466,timothy ream,2015/16,fulham,GB1,6.1,70,1500000,Centre-Back,"1,86 m","Oct 5, 1987 (36)","St. Louis, Missouri",United States,https://www.transfermarkt.com/tim-ream/profil/spieler/145466
145466,timothy ream,2016/17,fulham,GB1,6.6,70,1000000,Centre-Back,"1,86 m","Oct 5, 1987 (36)","St. Louis, Missouri",United States,https://www.transfermarkt.com/tim-ream/profil/spieler/145466
145466,timothy ream,2016/17,fulham,GB1,6.6,70,1250000,Centre-Back,"1,86 m","Oct 5, 1987 (36)","St. Louis, Missouri",United States,https://www.transfermarkt.com/tim-ream/profil/spieler/145466
145466,timothy ream,2014/15,bolton-wanderers-fc,GB1,6.6,71,1500000,Centre-Back,"1,86 m","Oct 5, 1987 (36)","St. Louis, Missouri",United States,https://www.transfermarkt.com/tim-ream/profil/spieler/145466
145466,timothy ream,2018/19,fulham,GB1,6.1,74,3500000,Centre-Back,"1,86 m","Oct 5, 1987 (36)","St. Louis, Missouri",United States,https://www.transfermarkt.com/tim-ream/profil/spieler/145466
145466,timothy ream,2018/19,fulham,GB1,6.1,74,3500000,Centre-Back,"1,86 m","Oct 5, 1987 (36)","St. Louis, Missouri",United States,https://www.transfermarkt.com/tim-ream/profil/spieler/145466
145466,timothy ream,2018/19,fulham,GB1,6.1,74,4000000,Centre-Back,"1,86 m","Oct 5, 1987 (36)","St. Louis, Missouri",United States,https://www.transfermarkt.com/tim-ream/profil/spieler/145466
145466,timothy ream,2012/13,bolton-wanderers-fc,GB1,5.65,65.5,1500000,Centre-Back,"1,86 m","Oct 5, 1987 (36)","St. Louis, Missouri",United States,https://www.transfermarkt.com/tim-ream/profil/spieler/145466
145466,timothy ream,2012/13,bolton-wanderers-fc,GB1,5.65,65.5,1200000,Centre-Back,"1,86 m","Oct 5, 1987 (36)","St. Louis, Missouri",United States,https://www.transfermarkt.com/tim-ream/profil/spieler/145466
145466,timothy ream,2017/18,fulham,GB1,7.1,74,2000000,Centre-Back,"1,86 m","Oct 5, 1987 (36)","St. Louis, Missouri",United States,https://www.transfermarkt.com/tim-ream/profil/spieler/145466
145466,timothy ream,2017/18,fulham,GB1,7.1,74,3000000,Centre-Back,"1,86 m","Oct 5, 1987 (36)","St. Louis, Missouri",United States,https://www.transfermarkt.com/tim-ream/profil/spieler/145466
145466,timothy ream,2009/10,red-bull-new-york,GB1,7.2,61,50000,Centre-Back,"1,86 m","Oct 5, 1987 (36)","St. Louis, Missouri",United States,https://www.transfermarkt.com/tim-ream/profil/spieler/145466
145466,timothy ream,2009/10,red-bull-new-york,GB1,7.2,61,100000,Centre-Back,"1,86 m","Oct 5, 1987 (36)","St. Louis, Missouri",United States,https://www.transfermarkt.com/tim-ream/profil/spieler/145466
145466,timothy ream,2010/11,red-bull-new-york,GB1,6.9,66,250000,Centre-Back,"1,86 m","Oct 5, 1987 (36)","St. Louis, Missouri",United States,https://www.transfermarkt.com/tim-ream/profil/spieler/145466
145466,timothy ream,2022/23,fulham,GB1,7,82,800000,Centre-Back,"1,86 m","Oct 5, 1987 (36)","St. Louis, Missouri",United States,https://www.transfermarkt.com/tim-ream/profil/spieler/145466
145466,timothy ream,2022/23,fulham,GB1,7,82,1000000,Centre-Back,"1,86 m","Oct 5, 1987 (36)","St. Louis, Missouri",United States,https://www.transfermarkt.com/tim-ream/profil/spieler/145466
145466,timothy ream,2022/23,fulham,GB1,7,82,1000000,Centre-Back,"1,86 m","Oct 5, 1987 (36)","St. Louis, Missouri",United States,https://www.transfermarkt.com/tim-ream/profil/spieler/145466
145466,timothy ream,2019/20,fulham,GB1,7,75,2500000,Centre-Back,"1,86 m","Oct 5, 1987 (36)","St. Louis, Missouri",United States,https://www.transfermarkt.com/tim-ream/profil/spieler/145466
145466,timothy ream,2019/20,fulham,GB1,7,75,1500000,Centre-Back,"1,86 m","Oct 5, 1987 (36)","St. Louis, Missouri",United States,https://www.transfermarkt.com/tim-ream/profil/spieler/145466
145466,timothy ream,2019/20,fulham,GB1,7,75,1200000,Centre-Back,"1,86 m","Oct 5, 1987 (36)","St. Louis, Missouri",United States,https://www.transfermarkt.com/tim-ream/profil/spieler/145466
145466,timothy ream,2020/21,fulham,GB1,5.8,74,1200000,Centre-Back,"1,86 m","Oct 5, 1987 (36)","St. Louis, Missouri",United States,https://www.transfermarkt.com/tim-ream/profil/spieler/145466
145466,timothy ream,2020/21,fulham,GB1,5.8,74,800000,Centre-Back,"1,86 m","Oct 5, 1987 (36)","St. Louis, Missouri",United States,https://www.transfermarkt.com/tim-ream/profil/spieler/145466
145466,timothy ream,2020/21,fulham,GB1,5.8,74,600000,Centre-Back,"1,86 m","Oct 5, 1987 (36)","St. Louis, Missouri",United States,https://www.transfermarkt.com/tim-ream/profil/spieler/145466
145466,timothy ream,2021/22,fulham,GB1,7.3,74,500000,Centre-Back,"1,86 m","Oct 5, 1987 (36)","St. Louis, Missouri",United States,https://www.transfermarkt.com/tim-ream/profil/spieler/145466
145466,timothy ream,2021/22,fulham,GB1,7.3,74,500000,Centre-Back,"1,86 m","Oct 5, 1987 (36)","St. Louis, Missouri",United States,https://www.transfermarkt.com/tim-ream/profil/spieler/145466
145466,timothy ream,2011/12,bolton-wanderers-fc,GB1,6.3,68,3000000,Centre-Back,"1,86 m","Oct 5, 1987 (36)","St. Louis, Missouri",United States,https://www.transfermarkt.com/tim-ream/profil/spieler/145466
145466,timothy ream,2011/12,bolton-wanderers-fc,GB1,6.3,68,2000000,Centre-Back,"1,86 m","Oct 5, 1987 (36)","St. Louis, Missouri",United States,https://www.transfermarkt.com/tim-ream/profil/spieler/145466
370846,timothy weah,2023/24,juventus-fc,IT1,5.4,76,14000000,Right Midfield,"1,83 m","Feb 22, 2000 (24)","New York City, New ...",United States,https://www.transfermarkt.com/timothy-weah/profil/spieler/370846
370846,timothy weah,2021/22,lillestrom,IT1,5.7,72,15000000,Right Midfield,"1,83 m","Feb 22, 2000 (24)","New York City, New ...",United States,https://www.transfermarkt.com/timothy-weah/profil/spieler/370846
370846,timothy weah,2021/22,lillestrom,IT1,5.7,72,13000000,Right Midfield,"1,83 m","Feb 22, 2000 (24)","New York City, New ...",United States,https://www.transfermarkt.com/timothy-weah/profil/spieler/370846
370846,timothy weah,2021/22,lillestrom,IT1,5.7,72,12000000,Right Midfield,"1,83 m","Feb 22, 2000 (24)","New York City, New ...",United States,https://www.transfermarkt.com/timothy-weah/profil/spieler/370846
370846,timothy weah,2016/17,psg-sub-19,NA,5.5,30,NA,Right Midfield,"1,83 m","Feb 22, 2000 (24)","New York City, New ...",United States,https://www.transfermarkt.com/timothy-weah/profil/spieler/370846
370846,timothy weah,2022/23,lillestrom,IT1,6,76,12000000,Right Midfield,"1,83 m","Feb 22, 2000 (24)","New York City, New ...",United States,https://www.transfermarkt.com/timothy-weah/profil/spieler/370846
370846,timothy weah,2022/23,lillestrom,IT1,6,76,14000000,Right Midfield,"1,83 m","Feb 22, 2000 (24)","New York City, New ...",United States,https://www.transfermarkt.com/timothy-weah/profil/spieler/370846
370846,timothy weah,2018/19,celtic-fc,IT1,5.83,56.33,5000000,Right Midfield,"1,83 m","Feb 22, 2000 (24)","New York City, New ...",United States,https://www.transfermarkt.com/timothy-weah/profil/spieler/370846
370846,timothy weah,2018/19,celtic-fc,IT1,5.83,56.33,5000000,Right Midfield,"1,83 m","Feb 22, 2000 (24)","New York City, New ...",United States,https://www.transfermarkt.com/timothy-weah/profil/spieler/370846
370846,timothy weah,2018/19,celtic-fc,IT1,5.83,56.33,6000000,Right Midfield,"1,83 m","Feb 22, 2000 (24)","New York City, New ...",United States,https://www.transfermarkt.com/timothy-weah/profil/spieler/370846
370846,timothy weah,2020/21,lillestrom,IT1,5.4,64,7500000,Right Midfield,"1,83 m","Feb 22, 2000 (24)","New York City, New ...",United States,https://www.transfermarkt.com/timothy-weah/profil/spieler/370846
370846,timothy weah,2020/21,lillestrom,IT1,5.4,64,12000000,Right Midfield,"1,83 m","Feb 22, 2000 (24)","New York City, New ...",United States,https://www.transfermarkt.com/timothy-weah/profil/spieler/370846
370846,timothy weah,2020/21,lillestrom,IT1,5.4,64,12000000,Right Midfield,"1,83 m","Feb 22, 2000 (24)","New York City, New ...",United States,https://www.transfermarkt.com/timothy-weah/profil/spieler/370846
370846,timothy weah,2019/20,lillestrom,IT1,4.4,65,8000000,Right Midfield,"1,83 m","Feb 22, 2000 (24)","New York City, New ...",United States,https://www.transfermarkt.com/timothy-weah/profil/spieler/370846
370846,timothy weah,2019/20,lillestrom,IT1,4.4,65,8000000,Right Midfield,"1,83 m","Feb 22, 2000 (24)","New York City, New ...",United States,https://www.transfermarkt.com/timothy-weah/profil/spieler/370846
370846,timothy weah,2019/20,lillestrom,IT1,4.4,65,7200000,Right Midfield,"1,83 m","Feb 22, 2000 (24)","New York City, New ...",United States,https://www.transfermarkt.com/timothy-weah/profil/spieler/370846
370846,timothy weah,2017/18,paris-saint-germain-fc,IT1,5.3,37.33,1000000,Right Midfield,"1,83 m","Feb 22, 2000 (24)","New York City, New ...",United States,https://www.transfermarkt.com/timothy-weah/profil/spieler/370846
332697,weston mckennie,2019/20,schalke-04,IT1,6,72,22000000,Central Midfield,"1,85 m","Aug 28, 1998 (25)","Little Elm, Texas",United States,https://www.transfermarkt.com/weston-mckennie/profil/spieler/332697
332697,weston mckennie,2019/20,schalke-04,IT1,6,72,20000000,Central Midfield,"1,85 m","Aug 28, 1998 (25)","Little Elm, Texas",United States,https://www.transfermarkt.com/weston-mckennie/profil/spieler/332697
332697,weston mckennie,2018/19,schalke-04,IT1,6.3,71,12000000,Central Midfield,"1,85 m","Aug 28, 1998 (25)","Little Elm, Texas",United States,https://www.transfermarkt.com/weston-mckennie/profil/spieler/332697
332697,weston mckennie,2018/19,schalke-04,IT1,6.3,71,15000000,Central Midfield,"1,85 m","Aug 28, 1998 (25)","Little Elm, Texas",United States,https://www.transfermarkt.com/weston-mckennie/profil/spieler/332697
332697,weston mckennie,2018/19,schalke-04,IT1,6.3,71,20000000,Central Midfield,"1,85 m","Aug 28, 1998 (25)","Little Elm, Texas",United States,https://www.transfermarkt.com/weston-mckennie/profil/spieler/332697
332697,weston mckennie,2018/19,schalke-04,IT1,6.3,71,20000000,Central Midfield,"1,85 m","Aug 28, 1998 (25)","Little Elm, Texas",United States,https://www.transfermarkt.com/weston-mckennie/profil/spieler/332697
332697,weston mckennie,2020/21,juventus-fc,IT1,6.1,74,22000000,Central Midfield,"1,85 m","Aug 28, 1998 (25)","Little Elm, Texas",United States,https://www.transfermarkt.com/weston-mckennie/profil/spieler/332697
332697,weston mckennie,2020/21,juventus-fc,IT1,6.1,74,25000000,Central Midfield,"1,85 m","Aug 28, 1998 (25)","Little Elm, Texas",United States,https://www.transfermarkt.com/weston-mckennie/profil/spieler/332697
332697,weston mckennie,2020/21,juventus-fc,IT1,6.1,74,25000000,Central Midfield,"1,85 m","Aug 28, 1998 (25)","Little Elm, Texas",United States,https://www.transfermarkt.com/weston-mckennie/profil/spieler/332697
332697,weston mckennie,2017/18,schalke-04,IT1,5.6,60,2000000,Central Midfield,"1,85 m","Aug 28, 1998 (25)","Little Elm, Texas",United States,https://www.transfermarkt.com/weston-mckennie/profil/spieler/332697
332697,weston mckennie,2017/18,schalke-04,IT1,5.6,60,4500000,Central Midfield,"1,85 m","Aug 28, 1998 (25)","Little Elm, Texas",United States,https://www.transfermarkt.com/weston-mckennie/profil/spieler/332697
332697,weston mckennie,2017/18,schalke-04,IT1,5.6,60,6500000,Central Midfield,"1,85 m","Aug 28, 1998 (25)","Little Elm, Texas",United States,https://www.transfermarkt.com/weston-mckennie/profil/spieler/332697
332697,weston mckennie,2023/24,juventus-fc,IT1,6.8,84,20000000,Central Midfield,"1,85 m","Aug 28, 1998 (25)","Little Elm, Texas",United States,https://www.transfermarkt.com/weston-mckennie/profil/spieler/332697
332697,weston mckennie,2023/24,juventus-fc,IT1,6.8,84,23000000,Central Midfield,"1,85 m","Aug 28, 1998 (25)","Little Elm, Texas",United States,https://www.transfermarkt.com/weston-mckennie/profil/spieler/332697
332697,weston mckennie,2023/24,juventus-fc,IT1,6.8,84,25000000,Central Midfield,"1,85 m","Aug 28, 1998 (25)","Little Elm, Texas",United States,https://www.transfermarkt.com/weston-mckennie/profil/spieler/332697
332697,weston mckennie,2016/17,schalke-04,IT1,5.55,39,100000,Central Midfield,"1,85 m","Aug 28, 1998 (25)","Little Elm, Texas",United States,https://www.transfermarkt.com/weston-mckennie/profil/spieler/332697
332697,weston mckennie,2021/22,juventus-fc,IT1,6.3,78,25000000,Central Midfield,"1,85 m","Aug 28, 1998 (25)","Little Elm, Texas",United States,https://www.transfermarkt.com/weston-mckennie/profil/spieler/332697
332697,weston mckennie,2021/22,juventus-fc,IT1,6.3,78,25000000,Central Midfield,"1,85 m","Aug 28, 1998 (25)","Little Elm, Texas",United States,https://www.transfermarkt.com/weston-mckennie/profil/spieler/332697
332697,weston mckennie,2022/23,leeds-united-afc,IT1,6.05,77,21000000,Central Midfield,"1,85 m","Aug 28, 1998 (25)","Little Elm, Texas",United States,https://www.transfermarkt.com/weston-mckennie/profil/spieler/332697
332697,weston mckennie,2022/23,leeds-united-afc,IT1,6.05,77,18000000,Central Midfield,"1,85 m","Aug 28, 1998 (25)","Little Elm, Texas",United States,https://www.transfermarkt.com/weston-mckennie/profil/spieler/332697
503991,yunus musah,2022/23,valencia-cf,IT1,5.8,76,25000000,Central Midfield,"1,78 m","Nov 29, 2002 (21)","New York City, New ...",United States,https://www.transfermarkt.com/yunus-musah/profil/spieler/503991
503991,yunus musah,2022/23,valencia-cf,IT1,5.8,76,20000000,Central Midfield,"1,78 m","Nov 29, 2002 (21)","New York City, New ...",United States,https://www.transfermarkt.com/yunus-musah/profil/spieler/503991
503991,yunus musah,2022/23,valencia-cf,IT1,5.8,76,25000000,Central Midfield,"1,78 m","Nov 29, 2002 (21)","New York City, New ...",United States,https://www.transfermarkt.com/yunus-musah/profil/spieler/503991
503991,yunus musah,2022/23,valencia-cf,IT1,5.8,76,22000000,Central Midfield,"1,78 m","Nov 29, 2002 (21)","New York City, New ...",United States,https://www.transfermarkt.com/yunus-musah/profil/spieler/503991
503991,yunus musah,2022/23,valencia-cf,IT1,5.8,76,18000000,Central Midfield,"1,78 m","Nov 29, 2002 (21)","New York City, New ...",United States,https://www.transfermarkt.com/yunus-musah/profil/spieler/503991
503991,yunus musah,2021/22,valencia-cf,IT1,5.5,69,15000000,Central Midfield,"1,78 m","Nov 29, 2002 (21)","New York City, New ...",United States,https://www.transfermarkt.com/yunus-musah/profil/spieler/503991
503991,yunus musah,2021/22,valencia-cf,IT1,5.5,69,15000000,Central Midfield,"1,78 m","Nov 29, 2002 (21)","New York City, New ...",United States,https://www.transfermarkt.com/yunus-musah/profil/spieler/503991
503991,yunus musah,2018/19,arsenal-sub18,NA,7,36,NA,Central Midfield,"1,78 m","Nov 29, 2002 (21)","New York City, New ...",United States,https://www.transfermarkt.com/yunus-musah/profil/spieler/503991
503991,yunus musah,2023/24,milan,IT1,5.5,76,20000000,Central Midfield,"1,78 m","Nov 29, 2002 (21)","New York City, New ...",United States,https://www.transfermarkt.com/yunus-musah/profil/spieler/503991
503991,yunus musah,2023/24,milan,IT1,5.5,76,23000000,Central Midfield,"1,78 m","Nov 29, 2002 (21)","New York City, New ...",United States,https://www.transfermarkt.com/yunus-musah/profil/spieler/503991
503991,yunus musah,2017/18,arsenal-sub18,NA,5.4,25,NA,Central Midfield,"1,78 m","Nov 29, 2002 (21)","New York City, New ...",United States,https://www.transfermarkt.com/yunus-musah/profil/spieler/503991
503991,yunus musah,2019/20,valencia-cf-juvenil,IT1,5.5,39.5,200000,Central Midfield,"1,78 m","Nov 29, 2002 (21)","New York City, New ...",United States,https://www.transfermarkt.com/yunus-musah/profil/spieler/503991
503991,yunus musah,2019/20,valencia-cf-juvenil,IT1,5.5,39.5,200000,Central Midfield,"1,78 m","Nov 29, 2002 (21)","New York City, New ...",United States,https://www.transfermarkt.com/yunus-musah/profil/spieler/503991
503991,yunus musah,2020/21,valencia-cf,IT1,5.5,65,5000000,Central Midfield,"1,78 m","Nov 29, 2002 (21)","New York City, New ...",United States,https://www.transfermarkt.com/yunus-musah/profil/spieler/503991
503991,yunus musah,2020/21,valencia-cf,IT1,5.5,65,10000000,Central Midfield,"1,78 m","Nov 29, 2002 (21)","New York City, New ...",United States,https://www.transfermarkt.com/yunus-musah/profil/spieler/503991
503991,yunus musah,2020/21,valencia-cf,IT1,5.5,65,15000000,Central Midfield,"1,78 m","Nov 29, 2002 (21)","New York City, New ...",United States,https://www.transfermarkt.com/yunus-musah/profil/spieler/503991
